{
  "version": 1,
  "nodes": {
    "dialogue:3_004_iredellSeige": {
      "x": 80,
      "y": 80
    },
    "dialogue:3_005_iredellCastleAdvance": {
      "x": 80,
      "y": 200
    },
    "dialogue:3_006_iredellCastleCourtyard": {
      "x": 80,
      "y": 320
    },
    "dialogue:3_007_iredellConfrontation": {
      "x": 80,
      "y": 440
    },
    "dialogue:AedavaBound": {
      "x": 237.312252294914,
      "y": 2855.203125
    },
    "dialogue:aPlaceToStart": {
      "x": 80,
      "y": 680
    },
    "dialogue:aedavaRoadToNextTown": {
      "x": 219.18734645269964,
      "y": 3086.633395985359
    },
    "dialogue:announcementOfIntent": {
      "x": -216.88927992390114,
      "y": 586.390158215458
    },
    "dialogue:assaultOnTheControlRoom": {
      "x": 80,
      "y": 800
    },
    "dialogue:changeover": {
      "x": 80,
      "y": 920
    },
    "dialogue:closingTheCityGates": {
      "x": 80,
      "y": 1040
    },
    "dialogue:endOfAct1": {
      "x": 80,
      "y": 1160
    },
    "dialogue:escapeBackToTown": {
      "x": 80,
      "y": 1280
    },
    "dialogue:findMineLeader": {
      "x": 220.86890336379918,
      "y": 4389.549734948756
    },
    "dialogue:infiltrationPlan": {
      "x": 80,
      "y": 1400
    },
    "dialogue:lameDuckAdministration": {
      "x": 80,
      "y": 1520
    },
    "dialogue:margaretArrives": {
      "x": 258,
      "y": 2504
    },
    "dialogue:meetingAtheria": {
      "x": 80,
      "y": 1760
    },
    "dialogue:meetingTheCommunity": {
      "x": 80,
      "y": 1880
    },
    "dialogue:mercenaryContractMeeting": {
      "x": 208,
      "y": 3504.5
    },
    "dialogue:mineAttack": {
      "x": 286.01196732127545,
      "y": 4159.621358325134
    },
    "dialogue:mineConsolidation": {
      "x": 229.70084544893967,
      "y": 4738.60843340653
    },
    "dialogue:mineCounterattack": {
      "x": 263.48014015771616,
      "y": 5769.755907080363
    },
    "dialogue:mineDefenseEmergency": {
      "x": 228,
      "y": 5097.15234375
    },
    "dialogue:mineRaidInfiltration": {
      "x": 246,
      "y": 3912
    },
    "dialogue:mineWallDefense": {
      "x": 269.2988518130346,
      "y": 6098.607633150234
    },
    "dialogue:newDialogue": {
      "x": 980,
      "y": 80
    },
    "dialogue:newPlan": {
      "x": 229.39461704757463,
      "y": 3283.5330110520363
    },
    "dialogue:opening": {
      "x": 980,
      "y": 200
    },
    "dialogue:preExchangeBossFight": {
      "x": 980,
      "y": 320
    },
    "dialogue:regroupingBeforeTheAssault": {
      "x": 726,
      "y": 458
    },
    "dialogue:relativeMovementTest": {
      "x": 980,
      "y": 560
    },
    "dialogue:rescuingADuchess": {
      "x": 263.8074067633319,
      "y": 5450.581211516445
    },
    "dialogue:restructuring": {
      "x": 980,
      "y": 680
    },
    "dialogue:revelation": {
      "x": 780,
      "y": 854
    },
    "dialogue:sampleDialogue": {
      "x": 832,
      "y": 936
    },
    "dialogue:sampleDialogue2": {
      "x": 980,
      "y": 1040
    },
    "dialogue:takingAMine": {
      "x": 252.05392062812717,
      "y": 3701.3328507182173
    },
    "dialogue:thePortal": {
      "x": 980,
      "y": 1160
    },
    "dialogue:wakingUp": {
      "x": 980,
      "y": 1280
    },
    "dialogue:walkingIntoTrouble": {
      "x": 284,
      "y": 2174
    },
    "combat:3_004_iredellSeigeCombat": {
      "x": 1410,
      "y": 1760
    },
    "combat:3_005_iredellCastleAdvanceCombat": {
      "x": 1410,
      "y": 1520
    },
    "combat:3_006_iredellCastleCourtyardCombat": {
      "x": 1410,
      "y": 1640
    },
    "combat:OpeningThePortalCombat": {
      "x": 4110,
      "y": 680
    },
    "combat:TestCombat": {
      "x": 5010,
      "y": 920
    },
    "combat:atheriaCombat": {
      "x": 1410,
      "y": 1880
    },
    "combat:banditBossCombat": {
      "x": 2310,
      "y": 320
    },
    "combat:blatchfordCombat": {
      "x": 2310,
      "y": 80
    },
    "combat:blatchfordInvasionCombat": {
      "x": 2310,
      "y": 440
    },
    "combat:blatchfordInvasionCombat2": {
      "x": 2310,
      "y": 200
    },
    "combat:breakingThroughToTheGatesCombat": {
      "x": 2310,
      "y": 560
    },
    "combat:caravanRescueCombat": {
      "x": 244.0147881017386,
      "y": 5269.67461521837
    },
    "combat:cateliaBatteringRamCombat": {
      "x": 2310,
      "y": 680
    },
    "combat:cateliaMerchantCombat": {
      "x": 2310,
      "y": 800
    },
    "combat:cateliaMerchantCombat2": {
      "x": 2310,
      "y": 920
    },
    "combat:cordissCombat": {
      "x": 2310,
      "y": 1040
    },
    "combat:cordissianGuardCombat": {
      "x": 2310,
      "y": 1160
    },
    "combat:debugSpellTestDummy": {
      "x": 2310,
      "y": 1280
    },
    "combat:docksCombat": {
      "x": 2310,
      "y": 1400
    },
    "combat:duvallCombat": {
      "x": 2310,
      "y": 1520
    },
    "combat:ellsworthCastleCombat": {
      "x": 2310,
      "y": 1640
    },
    "combat:ellsworthCombat": {
      "x": 2310,
      "y": 1760
    },
    "combat:examCombat": {
      "x": 2310,
      "y": 1880
    },
    "combat:exchangeBossCombat": {
      "x": 3210,
      "y": 80
    },
    "combat:exchangeBossCombat2": {
      "x": 3210,
      "y": 200
    },
    "combat:exchangeTakeoverCombat": {
      "x": 3210,
      "y": 320
    },
    "combat:exchangeTakeoverCombat2": {
      "x": 3210,
      "y": 440
    },
    "combat:exchangeThiefCombat": {
      "x": 3210,
      "y": 560
    },
    "combat:firstThiefCombat": {
      "x": 268,
      "y": 2348
    },
    "combat:futureCombat": {
      "x": 3210,
      "y": 800
    },
    "combat:guardCombat": {
      "x": 3210,
      "y": 920
    },
    "combat:invasionStartingCombat": {
      "x": 3210,
      "y": 1040
    },
    "combat:iredellCombat": {
      "x": 3210,
      "y": 1160
    },
    "combat:iredellInvasionCombat": {
      "x": 3210,
      "y": 1280
    },
    "combat:iredellInvasionCombat2": {
      "x": 3210,
      "y": 1400
    },
    "combat:jayBlatchfordCombat": {
      "x": 3210,
      "y": 1520
    },
    "combat:jayMageCombat": {
      "x": 3210,
      "y": 1640
    },
    "combat:jayMageCombat2": {
      "x": 3210,
      "y": 1760
    },
    "combat:jayNobleFight": {
      "x": 3210,
      "y": 1880
    },
    "combat:mageRepresentativeCombat": {
      "x": 4110,
      "y": 80
    },
    "combat:mercTestCombat": {
      "x": 257.8661572299229,
      "y": 3605.189606564843
    },
    "combat:merchantExteriorCombat": {
      "x": 4110,
      "y": 200
    },
    "combat:merchantExteriorCombat2": {
      "x": 4110,
      "y": 320
    },
    "combat:mineInteriorCombat": {
      "x": 225.28352391084428,
      "y": 4250.57579303861
    },
    "combat:mineLeaderCombat": {
      "x": 219.2878461202328,
      "y": 4529.759062429196
    },
    "combat:mineWallCombat": {
      "x": 262.14130060937,
      "y": 4034.0562434671715
    },
    "combat:necromancerCombat": {
      "x": 4110,
      "y": 440
    },
    "combat:oleronCombat": {
      "x": 4110,
      "y": 560
    },
    "combat:outsideBanditCombat": {
      "x": 4110,
      "y": 800
    },
    "combat:outsideBanditCombat2": {
      "x": 4110,
      "y": 920
    },
    "combat:outsideSlaverCampCombat": {
      "x": 4110,
      "y": 1160
    },
    "combat:pleiceCombat": {
      "x": 4110,
      "y": 1040
    },
    "combat:pleiceCourtierCombat": {
      "x": 4110,
      "y": 1280
    },
    "combat:pleiceEllsworthCombat": {
      "x": 4110,
      "y": 1400
    },
    "combat:postPortalCombat": {
      "x": 4110,
      "y": 1520
    },
    "combat:roxanneBlatchfordCombat": {
      "x": 4110,
      "y": 1640
    },
    "combat:roxanneBlatchfordCombat2": {
      "x": 4110,
      "y": 1760
    },
    "combat:roxanneCombat": {
      "x": 4110,
      "y": 1880
    },
    "combat:roxanneMageCombat": {
      "x": 5010,
      "y": 80
    },
    "combat:secondThiefCombat": {
      "x": 242,
      "y": 2690
    },